,bin1_phased,bin2_phased,bin1_unphased,bin2_unphased
1878,3117,3154,4,41
2269,4,50,4,50
2586,3117,3321,4,208
3310,5,67,5,67
4148,3119,3318,6,205
7898,11,19,11,19
8126,3124,3140,11,27
9666,3127,3133,14,20
9917,15,18,15,18
10128,15,3128,15,15
12172,3131,3316,18,203
12379,19,53,19,53
13321,20,54,20,54
15072,23,62,23,62
16543,3138,3141,25,28
17241,26,49,26,49
19310,3142,3148,29,35
19644,3143,3148,30,35
19713,3143,3147,30,34
20006,3143,3318,30,205
26023,3153,153,40,153
26747,3154,3276,41,163
26815,3155,3263,42,150
31013,3160,3175,47,62
35016,3167,3343,54,230
35061,3167,3346,54,233
35356,3167,3357,54,244
37109,3169,3174,56,61
37772,57,61,57,61
39231,3173,3192,60,79
41337,3176,3360,63,247
41920,3177,3195,64,82
45706,3184,3197,71,84
46344,72,105,72,105
47281,74,101,74,101
50728,3195,3300,82,187
50748,82,93,82,93
51178,3196,3199,83,86
51229,83,104,83,104
54759,3203,3290,90,177
58879,3212,3290,99,177
66942,119,244,119,244
68068,3260,3283,147,170
69131,3263,3335,150,222
69568,3264,3339,151,226
69884,3264,3302,151,189
70107,3265,3303,152,190
70390,3265,3288,152,175
70613,3266,3277,153,164
71246,3267,3281,154,168
74719,159,210,159,210
76035,3274,3278,161,165
76334,162,202,162,202
76778,3276,3302,163,189
78347,167,171,167,171
81350,3285,3291,172,178
82819,175,201,175,201
83862,3290,177,177,177
84146,177,3344,177,231
84952,179,232,179,232
86194,3294,3323,181,210
86211,3294,3324,181,211
89035,3298,3327,185,214
89064,3298,3339,185,226
90185,187,196,187,196
90899,3302,3331,189,218
91566,3304,3326,191,213
91784,3304,3325,191,212
93101,3307,3325,194,212
93871,3309,3361,196,248
94252,3310,3345,197,232
94660,3310,3340,197,227
94718,3310,3361,197,248
94914,3311,3333,198,220
95801,3312,3326,199,213
97446,3314,3321,201,208
98331,203,209,203,209
98537,204,210,204,210
103462,3326,3349,213,236
103559,3327,3350,214,237
103598,214,234,214,234
104009,3327,3333,214,220
105248,216,239,216,239
105676,217,243,217,243
105741,218,242,218,242
106042,3331,3334,218,221
106575,219,244,219,244
106967,220,223,220,223
107906,221,224,221,224
109904,3339,3349,226,236
110085,227,238,227,238
110225,3340,3354,227,241
112018,3344,3360,231,247
112513,3345,3358,232,245
114573,3349,3361,236,248
115983,3353,3360,240,247
116119,3353,3361,240,248
119423,20,3390,20,277
119676,24,3383,24,270
119709,24,3393,24,280
120900,45,3374,45,261
121173,47,3432,47,319
121307,48,3433,48,320
121416,48,3396,48,283
121421,48,3533,48,420
121513,49,3532,49,419
121536,49,3402,49,289
121880,3168,457,55,457
122047,63,3372,63,259
122325,65,3373,65,260
122443,67,3375,67,262
122969,74,3413,74,300
123307,76,3514,76,401
123754,79,3515,79,402
123843,3198,3389,85,276
123873,86,3418,86,305
124295,92,3420,92,307
124389,93,3418,93,305
124983,99,3413,99,300
125661,112,3498,112,385
125725,113,3393,113,280
125802,114,3392,114,279
125877,115,3370,115,257
126272,151,3596,151,483
126815,162,3598,162,485
126843,163,3598,163,485
127444,190,3412,190,299
127906,3323,465,210,465
128050,225,3392,225,279
128205,3341,467,228,467
128457,3344,315,231,315
128619,3354,3392,241,279
128637,3354,3596,241,483
128967,3357,466,244,466
129271,3129,504,16,504
130157,3205,3743,92,630
130310,3232,607,119,607
130579,3305,641,192,641
130644,3314,3764,201,651
130660,3314,3804,201,691
130817,221,3750,221,637
130982,3349,3804,236,691
130987,236,631,236,631
131170,3132,829,19,829
131948,100,3973,100,860
132108,150,3896,150,783
132139,154,3983,154,870
132256,157,3939,157,826
132774,161,3846,161,733
132839,168,3996,168,883
133182,182,3930,182,817
133537,184,3935,184,822
133994,189,3975,189,862
135097,209,3895,209,782
135374,216,3958,216,845
135707,219,3947,219,834
135940,221,3941,221,828
136050,223,3945,223,832
136131,223,3943,223,830
136404,231,3892,231,779
136676,236,3959,236,846
137108,242,3947,242,834
137133,243,3959,243,846
137257,8,4128,8,1015
137260,3121,891,8,891
137410,25,956,25,956
137803,146,4069,146,956
138031,183,1044,183,1044
138453,11,4211,11,1098
138491,12,4211,12,1098
139779,57,4232,57,1119
140020,59,4218,59,1105
140187,60,4183,60,1070
140639,62,4196,62,1083
141308,3198,4222,85,1109
141650,107,4319,107,1206
141762,108,4338,108,1225
142065,109,4189,109,1076
143144,116,4345,116,1232
143742,119,4182,119,1069
143964,3270,1091,157,1091
144293,171,4223,171,1110
144655,179,4224,179,1111
145233,196,4335,196,1222
145332,199,4224,199,1111
145718,209,4224,209,1111
145930,213,4223,213,1110
146538,225,4341,225,1228
147205,233,4226,233,1113
147269,234,4298,234,1185
147328,235,4226,235,1113
147806,243,4327,243,1214
148136,244,4323,244,1210
148168,244,4220,244,1107
148409,246,4322,246,1209
148574,247,4348,247,1235
149319,3148,4422,35,1309
149378,39,1283,39,1283
149453,41,1241,41,1241
149462,41,1393,41,1393
149856,45,1334,45,1334
149888,45,1377,45,1377
150208,62,1387,62,1387
150267,66,1288,66,1288
150697,84,1352,84,1352
150706,84,1327,84,1327
150805,85,1351,85,1351
151067,92,1324,92,1324
151249,105,1327,105,1327
151313,105,1360,105,1360
152386,55,1416,55,1416
153223,3132,4793,19,1680
153308,28,4753,28,1640
153923,76,4666,76,1553
153986,77,4666,77,1553
154707,3357,4769,244,1656
154991,31,1762,31,1762
155872,3218,4886,105,1773
156217,3221,4810,108,1697
156416,3228,4903,115,1790
156568,3232,4889,119,1776
156715,153,4857,153,1744
157048,3280,4905,167,1792
157652,223,1762,223,1762
157756,1,1885,1,1885
157882,8,5002,8,1889
158250,19,4973,19,1860
158814,52,4971,52,1858
160316,30,2074,30,2074
160615,56,2034,56,2034
161046,3182,2058,69,2058
161146,3183,2058,70,2058
161238,80,1962,80,1962
161257,3195,2007,82,2007
161265,3196,2002,83,2002
161291,3197,2074,84,2074
161310,3197,2003,84,2003
161415,3198,2007,85,2007
161471,3198,2006,85,2006
161540,3199,2003,86,2003
161796,3201,2002,88,2002
162679,3225,2001,112,2001
162975,3226,2088,113,2088
163669,153,5073,153,1960
163991,159,5137,159,2024
164223,161,5181,161,2068
164284,162,5125,162,2012
165040,165,5122,165,2009
165220,166,5090,166,1977
165458,167,5203,167,2090
165935,174,5087,174,1974
166280,177,5081,177,1968
166300,3290,2069,177,2069
166539,199,5174,199,2061
166851,207,5090,207,1977
167399,230,5117,230,2004
168081,3177,2178,64,2178
168091,3182,2152,69,2152
168170,113,5307,113,2194
168473,195,5250,195,2137
168676,212,2153,212,2153
169043,3128,2275,15,2275
169151,3131,5416,18,2303
169277,3134,5426,21,2313
169459,3136,2273,23,2273
169623,30,5397,30,2284
169641,31,5343,31,2230
169898,3145,2289,32,2289
169927,3145,2305,32,2305
170162,3147,2313,34,2313
170226,3147,2275,34,2275
170283,3148,2313,35,2313
170663,3150,2283,37,2283
170704,3151,2284,38,2284
170871,3155,2312,42,2312
170936,3155,2313,42,2313
171882,3310,2306,197,2306
172158,201,5381,201,2268
172539,3331,2308,218,2308
172648,3332,2243,219,2243
172912,3336,5387,223,2274
173004,3343,2283,230,2283
173272,3344,2283,231,2283
173707,3358,2302,245,2302
173873,3120,5494,7,2381
173883,3121,5523,8,2410
174020,3127,5514,14,2401
174533,30,5471,30,2358
174630,3144,5513,31,2400
174663,3144,5523,31,2410
174946,3147,5513,34,2400
175117,41,5472,41,2359
175701,3319,5519,206,2406
175826,3342,5480,229,2367
175852,3347,5523,234,2410
176029,3123,2431,10,2431
176170,3133,2495,20,2495
176253,33,2420,33,2420
176281,40,2451,40,2451
176325,3157,2433,44,2433
176662,3226,5618,113,2505
176869,3295,5621,182,2508
176881,3296,5622,183,2509
177110,8,2583,8,2583
177226,3123,5640,10,2527
177394,3128,2556,15,2556
177417,3129,2556,16,2556
177477,3132,5665,19,2552
177531,3133,2556,20,2556
177800,3139,5641,26,2528
178137,31,2577,31,2577
178238,31,5690,31,2577
178582,3191,2579,78,2579
179182,3293,2548,180,2548
179430,209,2560,209,2560
179595,6,5719,6,2606
179620,3122,2627,9,2627
180299,3278,5765,165,2652
180929,3131,5828,18,2715
181237,3151,5792,38,2679
181354,3153,5835,40,2722
181787,3223,2730,110,2730
182030,3225,2728,112,2728
182053,3225,2689,112,2689
182253,150,5785,150,2672
182758,231,5806,231,2693
182774,3349,5814,236,2701
183620,3214,2747,101,2747
183838,3217,2742,104,2742
183871,3218,2743,105,2743
183961,3221,2741,108,2741
185459,3273,2751,160,2751
185642,3281,2763,168,2763
186097,3121,5949,8,2836
186264,3153,2840,40,2840
186416,152,2838,152,2838
186566,170,2811,170,2811
186733,3131,5999,18,2886
186913,158,2879,158,2879
187044,180,2877,180,2877
187080,181,2877,181,2877
187136,204,2879,204,2879
187668,30,2972,30,2972
189381,3294,3013,181,3013
190044,250,284,250,284
190100,3363,3370,250,257
190802,251,284,251,284
192720,255,261,255,261
193482,256,315,256,315
195379,259,318,259,318
195667,3372,3405,259,292
195835,3372,3410,259,297
196091,3373,3409,260,296
196094,3373,3405,260,292
196589,260,266,260,266
196886,3374,3407,261,294
198790,263,310,263,310
199425,265,310,265,310
199447,3378,3404,265,291
199519,3378,290,265,290
199555,3378,3435,265,322
200060,265,275,265,275
200147,265,268,265,268
200643,266,328,266,328
200929,266,284,266,284
201256,267,284,267,284
201777,3381,3410,268,297
201896,268,427,268,427
202457,269,274,269,274
202526,269,3517,269,404
202850,269,287,269,287
205606,273,326,273,326
207285,275,335,275,335
207401,275,288,275,288
207734,276,290,276,290
208202,276,321,276,321
208458,3390,3394,277,281
208515,277,336,277,336
210827,280,474,280,474
211349,280,376,280,376
211768,281,476,281,476
213457,3397,3532,284,419
214232,286,327,286,327
214764,286,330,286,330
215353,3400,3405,287,292
217176,290,320,290,320
217961,3404,3532,291,419
218465,292,321,292,321
222603,298,459,298,459
223157,299,338,299,338
223877,301,306,301,306
224859,303,461,303,461
226304,305,469,305,469
227511,3420,3495,307,382
227728,3421,3516,308,403
227990,3421,3598,308,485
228696,309,316,309,316
229285,3423,3427,310,314
230096,312,315,312,315
231755,314,465,314,465
232520,3428,3439,315,326
234043,3431,3434,318,321
234377,3432,3436,319,323
235779,3435,3528,322,415
238551,327,332,327,332
239097,3441,3528,328,415
240060,3443,3489,330,376
240602,3443,3500,330,387
241951,3446,3547,333,434
241984,3447,3547,334,434
242364,3447,3490,334,377
243070,3448,3545,335,432
244026,3451,3496,338,383
249099,353,391,353,391
250193,3468,3480,355,367
250700,3469,3502,356,389
252140,360,366,360,366
252143,360,363,360,363
253289,363,370,363,370
258245,3487,3496,374,383
259146,376,474,376,474
259500,377,476,377,476
259695,3490,3539,377,426
259883,377,471,377,471
260616,378,440,378,440
262211,3495,3500,382,387
263177,384,400,384,400
263477,385,429,385,429
265423,388,403,388,403
266488,3502,3507,389,394
267657,3505,3511,392,398
270603,3512,3525,399,412
271370,3514,3517,401,404
271704,401,426,401,426
273514,3518,3537,405,424
275299,3522,3528,409,415
275568,3523,3543,410,430
277984,415,423,415,423
280853,3532,3568,419,455
282803,3535,3571,422,458
287009,430,435,430,435
289595,435,449,435,449
298055,3564,3590,451,477
299143,452,481,452,481
299805,3566,3581,453,468
300112,454,459,454,459
300134,3567,469,454,469
300330,3567,3583,454,470
300365,3567,3584,454,471
300709,3568,3576,455,463
301157,455,464,455,464
301170,455,462,455,462
301623,3569,3578,456,465
301777,3569,3575,456,462
302616,458,466,458,466
303801,3574,3583,461,470
304111,461,478,461,478
305165,3577,3589,464,476
305797,3578,3589,465,476
306696,3580,3585,467,472
309439,471,480,471,480
311121,474,477,474,477
315360,3596,3601,483,488
320353,377,3786,377,673
320652,384,3779,384,666
322076,403,3784,403,671
322122,404,3614,404,501
323010,410,3610,410,497
323170,410,3620,410,507
323180,410,3619,410,506
323232,410,3613,410,500
323392,411,684,411,684
323501,412,3621,412,508
323622,412,685,412,685
323948,419,3637,419,524
324123,420,677,420,677
324129,420,3650,420,537
324506,423,679,423,679
324631,424,3616,424,503
324973,431,3761,431,648
325385,433,640,433,640
325432,434,3780,434,667
325751,437,3780,437,667
325842,443,3768,443,655
326383,450,3791,450,678
326694,458,3803,458,690
326917,3591,3718,478,605
327734,485,3756,485,643
328710,3377,3973,264,860
329145,3383,3972,270,859
329498,3391,3933,278,820
329767,3393,3970,280,857
330248,3411,3972,298,859
331030,3568,3967,455,854
331119,3569,3967,456,854
331157,458,729,458,729
331186,3574,3966,461,853
331311,3578,3933,465,820
331795,3591,3983,478,870
331825,3592,3982,479,869
331907,3595,3865,482,752
331975,3603,875,490,875
332295,279,921,279,921
332487,317,4098,317,985
332531,323,917,323,917
332877,332,913,332,913
332940,332,898,332,898
334065,404,4154,404,1041
334261,3563,4073,450,960
334541,3363,4347,250,1234
334619,3363,4342,250,1229
335066,3371,4342,258,1229
335217,3382,4336,269,1223
335657,284,4213,284,1100
335709,3406,4209,293,1096
335853,3409,4208,296,1095
336065,328,1133,328,1133
336647,3561,4338,448,1225
336691,3568,4323,455,1210
336845,470,1067,470,1067
336985,3597,4182,484,1069
337269,490,1095,490,1095
337396,491,1216,491,1216
337533,3374,1315,261,1315
337595,269,4420,269,1307
337685,3390,1313,277,1313
337998,291,4417,291,1304
338291,305,4429,305,1316
338298,3418,1324,305,1324
339689,3547,1372,434,1372
339961,3365,1455,252,1455
340274,325,4632,325,1519
341188,3601,1471,488,1471
341395,3417,1660,304,1660
341533,3436,4754,323,1641
342407,3468,4736,355,1623
342505,3470,4779,357,1666
342766,3476,4758,363,1645
342848,365,1547,365,1547
342930,3481,4783,368,1670
342990,3481,4782,368,1669
343107,3482,4759,369,1646
343925,3486,4777,373,1664
344096,3504,4779,391,1666
344835,423,1685,423,1685
345100,492,1568,492,1568
345136,3369,1714,256,1714
345271,3404,1717,291,1717
345566,374,1698,374,1698
345686,403,4867,403,1754
346183,263,1952,263,1952
346355,293,5064,293,1951
346645,3446,1904,333,1904
346751,3449,1880,336,1880
347154,3465,1953,352,1953
347251,3466,1844,353,1844
347317,3466,1858,353,1858
347378,3466,1859,353,1859
347487,3468,1855,355,1855
348135,3490,4960,377,1847
348266,3494,1956,381,1956
348599,3509,1844,396,1844
348669,3523,5062,410,1949
349136,3554,1902,441,1902
349955,3603,1950,490,1950
349994,254,2034,254,2034
350166,287,2075,287,2075
350405,338,5111,338,1998
350578,391,2088,391,2088
351009,453,2070,453,2070
351375,3587,5194,474,2081
351506,3593,5191,480,2078
351533,3594,5190,481,2077
351599,3594,5192,481,2079
351713,482,2081,482,2081
352278,3598,5075,485,1962
352406,3599,5077,486,1964
352521,3600,5075,487,1962
352799,3603,5074,490,1961
353257,3490,5280,377,2167
353369,428,2124,428,2124
354155,292,2282,292,2282
354398,310,2231,310,2231
354622,315,2280,315,2280
354691,317,2255,317,2255
354860,318,2255,318,2255
355982,350,2419,350,2419
356006,3474,5509,361,2396
356694,3398,2435,285,2435
356696,287,2496,287,2496
356753,3422,2420,309,2420
356777,3431,5614,318,2501
357252,3536,2433,423,2433
357525,487,5549,487,2436
357858,3449,5694,336,2581
358045,3491,5696,378,2583
358100,379,5657,379,2544
358107,3492,5692,379,2579
358364,3535,5691,422,2578
358502,3545,5630,432,2517
358605,3560,5631,447,2518
358754,3565,5701,452,2588
358932,3567,5704,454,2591
359948,420,2668,420,2668
359958,3533,5754,420,2641
360242,476,5718,476,2605
360303,3601,2652,488,2652
360307,488,2601,488,2601
360425,269,5843,269,2730
360706,287,5838,287,2725
360839,288,5791,288,2678
360927,295,5828,295,2715
361009,297,5824,297,2711
361058,304,2717,304,2717
361105,3433,2695,320,2695
361117,320,5792,320,2679
361131,321,5793,321,2680
361667,448,2686,448,2686
362115,3420,5855,307,2742
362173,3445,5899,332,2786
362378,3448,2788,335,2788
363062,3473,5846,360,2733
363404,3490,5846,377,2733
363498,3491,5900,378,2787
363962,3497,5904,384,2791
364491,3538,5845,425,2732
364738,3552,5897,439,2784
365280,3594,5883,481,2770
365464,3368,5933,255,2820
366042,3507,2883,394,2883
366144,476,5997,476,2884
368348,3608,495,495,495
368991,3609,683,496,683
370045,3611,615,498,615
370351,498,504,498,504
370702,499,561,499,561
371502,500,570,500,570
372169,502,568,502,568
372280,3615,3618,502,505
372959,503,631,503,631
372996,503,508,503,508
373244,3617,620,504,620
373850,504,681,504,681
374800,3619,3695,506,582
375447,3620,631,507,631
376172,3621,672,508,672
376652,508,607,508,607
376706,3621,683,508,683
378944,511,575,511,575
379184,3625,685,512,685
379185,3625,684,512,684
379278,3625,3628,512,515
381440,3629,3641,516,528
381703,517,672,517,672
382392,3631,3643,518,530
382946,3632,3673,519,560
383560,520,573,520,573
386313,3638,3660,525,547
386706,526,561,526,561
386751,3639,3670,526,557
389400,531,629,531,629
389491,531,600,531,600
390655,533,567,533,567
393431,537,599,537,599
399846,548,588,548,588
401929,3666,679,553,679
404449,559,564,559,564
404708,560,582,560,582
404834,560,566,560,566
405399,561,575,561,575
405546,3674,660,561,660
406079,563,567,563,567
406399,563,666,563,666
407488,566,618,566,618
408108,3679,567,566,567
408421,567,3680,567,567
409131,569,3682,569,569
410846,574,625,574,625
417065,3706,3718,593,605
417902,3707,3720,594,607
423483,3717,3723,604,610
424711,3719,3722,606,609
424716,606,648,606,648
424790,3719,3779,606,666
427045,3723,3758,610,645
428081,612,626,612,626
431245,617,627,617,627
432689,620,678,620,678
436875,627,643,627,643
437262,3741,3749,628,636
438717,3742,3777,629,664
438947,3743,3777,630,664
439125,3743,3748,630,635
439516,630,668,630,668
439610,3744,3769,631,656
446627,644,663,644,663
447858,646,663,646,663
448178,3760,3782,647,669
448319,647,668,647,668
449851,649,664,649,664
452074,653,666,653,666
452567,3767,3794,654,681
453694,3769,3797,656,684
455116,661,674,661,674
457353,3778,3795,665,682
457841,666,3780,666,667
458486,668,676,668,676
461602,3789,3796,676,683
461959,677,689,677,689
462619,678,681,678,681
462729,678,682,678,682
463805,3793,3800,680,687
465485,683,687,683,687
466093,3797,684,684,684
469193,502,863,502,863
469213,3616,877,503,877
469324,519,832,519,832
469427,538,833,538,833
469548,540,3830,540,717
469669,542,796,542,796
469983,552,781,552,781
470096,552,812,552,812
470281,553,820,553,820
470589,555,781,555,781
470799,3674,792,561,792
470854,566,863,566,863
471280,3713,878,600,878
471302,3713,876,600,876
471484,602,832,602,832
471497,602,867,602,867
471514,602,836,602,836
471518,602,829,602,829
471543,602,821,602,821
471604,603,829,603,829
471772,604,881,604,881
472331,610,883,610,883
472409,611,864,611,864
472453,3724,827,611,827
472662,612,827,612,827
472736,613,878,613,878
472768,613,879,613,879
473052,3727,877,614,877
473209,615,869,615,869
473509,640,827,640,827
473760,3772,849,659,849
473984,497,4161,497,1048
474125,3629,1030,516,1030
474198,3630,941,517,941
474263,3631,1064,518,1064
474484,3634,941,521,941
474640,3640,967,527,967
474812,3641,942,528,942
475386,3645,1030,532,1030
476493,3661,953,548,953
476758,3662,1055,549,1055
476803,3663,1056,550,1056
477092,3663,1026,550,1026
477330,3670,940,557,940
477334,3670,941,557,941
477905,3776,892,663,892
478386,502,1103,502,1103
479249,512,1079,512,1079
479269,512,4278,512,1165
479429,514,1203,514,1203
479855,517,1207,517,1207
480405,522,1158,522,1158
480520,523,1113,523,1113
480888,526,1138,526,1138
481368,531,1119,531,1119
481463,3647,4255,534,1142
482037,564,1185,564,1185
482090,566,1104,566,1104
483360,3705,1103,592,1103
484091,616,4301,616,1188
484266,619,1069,619,1069
484587,624,1072,624,1072
484789,3748,1098,635,1098
484817,636,1073,636,1073
485052,656,1072,656,1072
485898,564,1362,564,1362
485915,3681,1240,568,1240
486128,3733,1243,620,1243
486300,3774,1396,661,1396
486647,535,4536,535,1423
487083,550,4534,550,1421
488208,3653,1685,540,1685
488632,3660,1682,547,1682
488656,3660,1681,547,1681
488682,3660,1678,547,1678
488966,595,1579,595,1579
489153,645,4769,645,1656
489289,3793,4798,680,1685
489367,3615,4913,502,1800
489753,535,1806,535,1806
490992,548,1805,548,1805
490995,3661,1819,548,1819
490996,548,1819,548,1819
491239,549,1817,549,1817
491356,549,1818,549,1818
491466,550,1817,550,1817
491583,550,1812,550,1812
491772,3683,1738,570,1738
491907,588,1794,588,1794
492592,497,4967,497,1854
493192,588,4978,588,1865
493315,591,5017,591,1904
493408,591,5007,591,1894
493640,594,4970,594,1857
493740,596,5065,596,1952
494288,3650,5098,537,1985
494314,3653,2026,540,2026
494434,558,2005,558,2005
494578,594,5092,594,1979
495317,3746,2069,633,2069
495493,3766,1963,653,1963
495887,3803,2009,690,2009
496168,528,5298,528,2185
497016,554,5252,554,2139
497055,555,5273,555,2160
497508,559,5252,559,2139
497854,566,5279,566,2166
498455,581,5258,581,2145
498571,3700,2155,587,2155
498663,3707,5255,594,2142
499279,3774,2175,661,2175
499415,525,2307,525,2307
499435,3647,2313,534,2313
499908,3610,2354,497,2354
499994,3618,2388,505,2388
500409,517,2402,517,2402
500738,3650,2399,537,2399
502626,3691,2354,578,2354
502661,3692,2340,579,2340
502819,3694,2346,581,2346
503403,3705,2378,592,2378
503672,596,5466,596,2353
503676,596,5522,596,2409
503720,3711,2382,598,2382
503726,3711,2381,598,2381
503946,3726,2374,613,2374
504220,619,2348,619,2348
504356,620,2387,620,2387
504386,621,2387,621,2387
505131,645,2390,645,2390
506031,681,2387,681,2387
506057,682,2387,682,2387
506719,544,5560,544,2447
506902,552,5556,552,2443
507155,597,5608,597,2495
508627,3757,5550,644,2437
508775,3772,5584,659,2471
508829,3772,5546,659,2433
509212,3777,5550,664,2437
509976,3678,2584,565,2584
510068,3690,2582,577,2582
510194,608,5687,608,2574
510387,665,2583,665,2583
510646,3646,5712,533,2599
511534,3691,2615,578,2615
511569,3692,2612,579,2612
511713,3694,2603,581,2603
511845,3701,2593,588,2593
511993,3708,2603,595,2603
512242,3743,5730,630,2617
512365,3780,2635,667,2635
512630,3620,5824,507,2711
512821,3654,5801,541,2688
512872,546,5787,546,2674
512992,3683,5817,570,2704
513100,3688,5820,575,2707
513165,600,2695,600,2695
513558,3626,2770,513,2770
513822,665,5874,665,2761
514947,3776,5993,663,2880
515009,3792,5998,679,2885
516909,695,699,695,699
517821,3810,3816,697,703
518309,698,701,698,701
518604,698,3811,698,698
519571,700,769,700,769
520178,3815,3831,702,718
520231,703,733,703,733
521296,3817,3937,704,824
521692,3818,3875,705,762
524968,3824,3871,711,758
525639,3826,3836,713,723
526525,3828,3831,715,718
526820,3829,3872,716,759
529581,3834,3837,721,724
529590,721,845,721,845
529680,721,846,721,846
530688,723,748,723,748
530957,724,3837,724,724
531417,3838,3843,725,730
531552,725,756,725,756
533752,3843,3993,730,880
534650,3844,3867,731,754
535304,732,735,732,735
535700,3846,3861,733,748
535730,3846,3862,733,749
538826,739,754,739,754
539895,3854,3859,741,746
542132,3862,3867,749,754
542398,3862,3900,749,787
544325,3869,3893,756,780
544327,756,3893,756,780
545294,759,802,759,802
546006,761,846,761,846
546790,763,845,763,845
546803,763,802,763,802
546937,763,777,763,777
547844,765,802,765,802
548007,3878,3889,765,776
548074,765,781,765,781
549461,3881,3921,768,808
551026,771,846,771,846
553888,776,788,776,788
553996,776,848,776,848
554629,777,787,777,787
554648,777,814,777,814
554889,778,809,778,809
555950,780,806,780,806
557442,783,817,783,817
558350,3897,3994,784,881
559541,787,847,787,847
560452,789,796,789,796
562551,3906,3957,793,844
562628,793,851,793,851
563157,3906,3963,793,850
564601,3909,3957,796,844
566157,3912,3925,799,812
566985,800,820,800,820
567092,3914,3956,801,843
568124,3915,3958,802,845
568723,3916,3962,803,849
568995,804,813,804,813
570682,807,812,807,812
571520,809,813,809,813
572161,811,852,811,852
573725,3928,3959,815,846
573817,3928,3962,815,849
575110,3931,3993,818,880
575268,3932,3944,819,831
577615,3936,3952,823,839
577886,824,851,824,851
578601,826,833,826,833
579619,828,870,828,870
581413,3945,3949,832,836
581630,832,836,832,836
581837,833,870,833,870
583282,3949,3956,836,843
585160,3953,3975,840,862
588873,3962,3986,849,873
591934,857,871,857,871
593044,859,868,859,868
593649,861,883,861,883
594912,3977,3988,864,875
594978,3977,3981,864,868
595000,3977,3986,864,873
595296,3978,3993,865,880
596940,3981,3987,868,874
596986,3981,3988,868,875
602889,3832,4004,719,891
603047,3833,4004,720,891
603082,3836,4021,723,908
603140,3841,3998,728,885
603271,3870,898,757,898
603783,873,1041,873,1041
604205,3883,4280,770,1167
604566,3923,4277,810,1164
604781,3937,1112,824,1112
604896,3943,4315,830,1202
604954,3946,4328,833,1215
605208,3965,4233,852,1120
605211,3966,4192,853,1079
605410,863,1104,863,1104
605576,868,1084,868,1084
605626,869,1104,869,1104
605842,3996,4236,883,1123
605902,697,4489,697,1376
606206,3833,4353,720,1240
606258,3837,4354,724,1241
606526,777,1266,777,1266
606611,802,4440,802,1327
606905,3995,4492,882,1379
606975,3812,1404,699,1404
607095,712,1411,712,1411
607181,3827,1412,714,1412
607407,726,4574,726,1461
607770,3854,1458,741,1458
608139,3872,1415,759,1415
608851,797,4514,797,1401
609030,816,4549,816,1436
609119,817,4547,817,1434
609520,3982,1459,869,1459
609549,3983,1459,870,1459
609725,699,4793,699,1680
609828,3845,4666,732,1553
609832,733,4730,733,1617
610292,877,1660,877,1660
610296,3991,4764,878,1651
610771,705,1692,705,1692
610854,705,4809,705,1696
610905,706,4809,706,1696
611105,707,4810,707,1697
611327,728,1747,728,1747
611379,729,1781,729,1781
611687,732,1716,732,1716
611836,733,1781,733,1781
612583,751,1703,751,1703
613735,3921,4844,808,1731
613917,848,1758,848,1758
614384,3823,1938,710,1938
614505,3852,5006,739,1893
614675,776,1920,776,1920
615356,3808,5170,695,2057
615457,3809,5188,696,2075
615604,698,1969,698,1969
615620,698,1961,698,1961
615720,698,1968,698,1968
615786,3812,5179,699,2066
616050,3813,5180,700,2067
616342,701,1966,701,1966
616440,3814,5185,701,2072
616632,704,1976,704,1976
616664,704,1987,704,1987
617469,3822,5149,709,2036
617479,709,1983,709,1983
617663,710,2017,710,2017
618698,721,1983,721,1983
618825,724,1968,724,1968
618848,724,1977,724,1977
618973,729,1967,729,1967
619021,730,1970,730,1970
619729,747,1985,747,1985
619903,750,1975,750,1975
619957,750,1985,750,1985
619986,751,1975,751,1975
620298,3870,5155,757,2042
620333,3870,5150,757,2037
620561,3873,5157,760,2044
621028,3881,5119,768,2006
621100,3882,5114,769,2001
621209,769,1963,769,1963
621652,3893,5120,780,2007
621751,3894,5120,781,2007
621779,3895,5120,782,2007
621961,3896,5138,783,2025
622901,3921,5115,808,2002
622967,809,5149,809,2036
623113,3923,5115,810,2002
623198,815,5073,815,1960
623317,823,2077,823,2077
623409,3957,5114,844,2001
623514,3960,5094,847,1981
623701,3962,5205,849,2092
623941,3964,5203,851,2090
624068,3968,5197,855,2084
624517,3984,5172,871,2059
624916,3987,5197,874,2084
625110,3990,5199,877,2086
625412,3991,5072,878,1959
625443,3992,5146,879,2033
625963,3808,2192,695,2192
626077,3809,2135,696,2135
626493,3844,2125,731,2125
627676,3867,2129,754,2129
627744,768,5284,768,2171
627749,3882,2153,769,2153
627897,3885,2157,772,2157
627967,3885,2155,772,2155
628034,3891,2162,778,2162
628046,781,5251,781,2138
628630,832,5252,832,2139
629470,3883,5476,770,2363
629474,3885,5463,772,2350
629979,3975,5466,862,2353
630092,877,2375,877,2375
630666,761,5564,761,2451
630766,768,5608,768,2495
630972,787,5594,787,2481
631364,803,5563,803,2450
631434,813,5545,813,2432
631481,821,5555,821,2442
631957,844,5603,844,2490
632432,851,5598,851,2485
632588,857,5554,857,2441
632799,882,5604,882,2491
632842,3807,5654,694,2541
633679,819,5733,819,2620
633711,835,5719,835,2606
633898,695,2720,695,2720
634207,708,2695,708,2695
634225,709,2695,709,2695
634549,718,2720,718,2720
634677,719,2720,719,2720
635055,3893,5842,780,2729
635157,3959,2719,846,2719
635817,879,5936,879,2823
636703,753,2966,753,2966
636828,796,6087,796,2974
638086,4000,4004,887,891
638295,888,894,888,894
638576,889,895,889,895
638803,4002,4024,889,911
639987,4004,4020,891,907
640375,892,908,892,908
641538,894,919,894,919
641919,894,901,894,901
641944,894,921,894,921
642124,895,902,895,902
642764,895,926,895,926
643098,4009,4016,896,903
643887,4010,4089,897,976
644068,4011,4089,898,976
644490,4011,4030,898,917
644542,899,917,899,917
646577,4015,4018,902,905
647697,4018,4028,905,915
647707,905,929,905,929
648100,4020,4042,907,929
648319,4021,4042,908,929
652248,918,935,918,935
652323,918,966,918,966
659427,4050,4090,937,977
659558,4050,4084,937,971
660764,939,952,939,952
661868,4053,4075,940,962
662188,941,951,941,951
662332,4054,4075,941,962
663303,943,1028,943,1028
664299,945,992,945,992
666147,949,974,949,974
666518,4063,4069,950,956
667923,951,956,951,956
668042,4064,4068,951,955
669506,4069,4091,956,978
669509,956,962,956,962
669985,4069,4074,956,961
670558,4070,4078,957,965
672887,961,1056,961,1056
673624,963,1061,963,1061
674309,964,4077,964,964
675625,4080,4084,967,971
675763,4080,4092,967,979
681681,979,983,979,983
681783,979,1033,979,1033
682442,981,1001,981,1001
683274,4095,4100,982,987
683286,982,1052,982,1052
684544,4097,4112,984,999
686790,4103,4119,990,1006
687802,4104,4140,991,1027
688461,993,1019,993,1019
689931,996,1016,996,1016
690299,996,1044,996,1044
690644,997,1044,997,1044
690835,997,1020,997,1020
691203,4111,4117,998,1004
692003,999,1006,999,1006
692549,1000,1003,1000,1003
692862,4113,4126,1000,1013
693878,1002,1050,1002,1050
697908,1010,1029,1010,1029
698975,4124,4159,1011,1046
700076,1013,1021,1013,1021
701362,1016,1044,1016,1044
704028,1020,1043,1020,1043
704092,4133,4154,1020,1041
707513,4139,4143,1026,1030
708995,4141,4144,1028,1031
710110,1031,1048,1031,1048
711393,4147,4151,1034,1038
713293,1037,1040,1037,1040
715437,4154,4158,1041,1045
721640,1057,1060,1057,1060
722343,1058,1063,1058,1063
725017,985,1085,985,1085
725083,1002,4299,1002,1186
725261,1008,1220,1008,1220
725467,1021,1230,1021,1230
725942,1048,1230,1048,1230
726191,3999,4352,886,1239
726326,4001,4355,888,1242
726436,4002,4354,889,1241
726622,4004,4352,891,1239
726827,4005,4358,892,1245
726865,4006,4354,893,1241
727354,4015,4386,902,1273
728041,909,4405,909,1292
728063,909,4406,909,1293
728160,4023,4361,910,1248
728563,4031,4443,918,1330
728699,4033,4487,920,1374
728908,4038,4477,925,1364
729045,928,4390,928,1277
729516,4055,4480,942,1367
729591,4056,4485,943,1372
729723,4058,4386,945,1273
729773,4066,1290,953,1290
730027,4075,4452,962,1339
730800,4121,4488,1008,1375
730873,4121,4464,1008,1351
731295,4141,4480,1028,1367
731381,4155,4497,1042,1384
731542,889,1436,889,1436
731582,4011,1420,898,1420
731885,4038,1420,925,1420
731974,4039,4598,926,1485
731984,4040,1404,927,1404
732256,4051,1406,938,1406
732909,4069,1424,956,1424
733212,4073,1425,960,1425
733311,4074,1424,961,1424
733676,4091,1421,978,1421
733834,4092,1419,979,1419
734666,4108,1428,995,1428
735173,4126,1521,1013,1521
735533,4143,1423,1030,1423
735950,4157,4576,1044,1463
736244,4168,1505,1055,1505
736965,4175,1501,1062,1501
737012,4176,1500,1063,1500
737044,4001,1642,888,1642
737365,988,1556,988,1556
737946,4169,1555,1056,1555
738421,4139,4853,1026,1740
738599,885,5011,885,1898
738620,891,5025,891,1912
738670,4015,1948,902,1948
738725,922,1903,922,1903
738749,929,1833,929,1833
738847,4052,1942,939,1942
739342,4166,5030,1053,1917
739355,4169,1930,1056,1930
739412,4172,1918,1059,1918
739577,4173,1909,1060,1909
739794,4177,1883,1064,1883
739819,4177,1886,1064,1886
739927,899,5199,899,2086
740004,910,5203,910,2090
740162,4040,5181,927,2068
740268,4042,5181,929,2068
740290,4050,5077,937,1964
740678,4093,5165,980,2052
740748,1000,5203,1000,2090
741265,928,2204,928,2204
741351,4076,2167,963,2167
741557,992,2179,992,2179
741752,995,2180,995,2180
741754,995,2178,995,2178
742196,1016,2117,1016,2117
742524,1045,2170,1045,2170
742994,4120,5410,1007,2297
743071,4124,5416,1011,2303
743212,4128,5415,1015,2302
743626,4130,5417,1017,2304
744110,4133,5373,1020,2260
744670,4144,5355,1031,2242
744740,4148,5397,1035,2284
745348,4154,5417,1041,2304
745832,4157,5415,1044,2302
746029,4159,5371,1046,2258
746746,4171,5397,1058,2284
746793,4171,5398,1058,2285
746878,4175,5363,1062,2250
746997,4176,5362,1063,2249
747474,4093,2384,980,2384
747757,1030,2419,1030,2419
748013,1065,2397,1065,2397
748204,988,2499,988,2499
748236,1005,2499,1005,2499
748251,1010,5622,1010,2509
748420,885,2548,885,2548
748701,4023,2552,910,2552
749257,979,2564,979,2564
750411,4177,5673,1064,2560
750694,3999,2656,886,2656
750730,891,5776,891,2663
750907,905,5766,905,2653
751097,925,2661,925,2661
751183,927,2658,927,2658
751372,978,2667,978,2667
751826,1039,2665,1039,2665
752330,4114,2725,1001,2725
752370,1017,5839,1017,2726
752490,886,5905,886,2792
752558,923,5853,923,2740
753111,4172,5876,1059,2763
753350,4049,2894,936,2894
753415,1000,2866,1000,2866
754639,4159,6046,1046,2933
755063,4170,3021,1057,3021
755165,4171,3040,1058,3040
755404,4176,2990,1063,2990
755498,1066,1205,1066,1205
758767,4185,4195,1072,1082
758848,1072,1133,1072,1133
758979,4185,4348,1072,1235
759134,1072,1201,1072,1201
759469,4186,4318,1073,1205
759871,4186,4197,1073,1084
759979,4187,4311,1074,1198
760742,4188,4198,1075,1085
761959,1077,1202,1077,1202
763290,1079,1082,1079,1082
765316,1082,1086,1082,1086
765465,4196,4320,1083,1207
766207,4197,4318,1084,1205
766284,1084,1089,1084,1089
766432,1084,1087,1084,1087
767071,4198,4330,1085,1217
767178,1085,1104,1085,1104
767775,1086,1106,1086,1106
769135,4202,4343,1089,1230
771451,1093,1097,1093,1097
773313,1097,4210,1097,1097
776232,1102,1107,1102,1107
776850,1104,1198,1104,1198
782776,1114,1138,1114,1138
787003,1129,1143,1129,1143
787613,1131,1141,1131,1141
787873,1131,1156,1131,1156
788082,4245,4258,1132,1145
788222,1132,1143,1132,1143
788842,1133,1157,1133,1157
790269,1137,1185,1137,1185
790596,1137,1197,1137,1197
790649,4250,4306,1137,1193
790961,4251,4271,1138,1158
791681,1140,1154,1140,1154
792908,4256,4297,1143,1184
792926,1143,1151,1143,1151
793193,1144,1164,1144,1164
793452,1144,1151,1144,1151
793612,1145,1151,1145,1151
793740,4258,4264,1145,1151
794022,1145,1150,1145,1150
794025,1145,1148,1145,1148
794065,1145,1152,1145,1152
794170,1146,1154,1146,1154
794497,4259,4269,1146,1156
795000,4260,4272,1147,1159
798164,4267,4298,1154,1185
799720,4270,4277,1157,1164
800738,1159,1184,1159,1184
801007,1160,1231,1160,1231
801358,4274,4283,1161,1170
801361,1161,1190,1161,1190
803660,4278,4298,1165,1185
803783,1165,1195,1165,1195
804201,4279,4282,1166,1169
804529,4280,4299,1167,1186
804952,4282,4299,1169,1186
805038,4282,4296,1169,1183
805990,4284,4293,1171,1180
809027,4289,4309,1176,1196
809821,1177,1193,1177,1193
810184,1178,1195,1178,1195
810221,1178,1185,1178,1185
812088,1181,1184,1181,1184
812195,1182,1187,1182,1187
812267,4295,4302,1182,1189
812398,1182,1191,1182,1191
814314,4298,4309,1185,1196
814373,1185,1197,1185,1197
814889,1187,1209,1187,1209
815480,1188,1210,1188,1210
815771,1189,1231,1189,1231
816022,1190,1209,1190,1209
816396,4304,4322,1191,1209
819635,4311,4321,1198,1208
824669,4320,4341,1207,1228
825055,4320,4331,1207,1218
825056,4321,4331,1208,1218
825921,4322,4339,1209,1226
826978,4324,4332,1211,1219
827644,4325,4334,1212,1221
828154,1214,4342,1214,1229
828508,1215,1233,1215,1233
829683,1217,1221,1217,1221
830741,4332,4340,1219,1227
834713,1227,1231,1227,1231
837337,4190,1382,1077,1382
837900,1097,1385,1097,1385
837905,4210,1313,1097,1313
837926,4211,1339,1098,1339
838159,4221,1387,1108,1387
838176,1114,4367,1114,1254
838312,4262,1394,1149,1394
838339,1155,4469,1155,1356
838554,4326,1291,1213,1291
838601,4339,4449,1226,1336
838617,4343,1370,1230,1370
838709,4189,4628,1076,1515
838792,4210,4517,1097,1404
839566,4198,1546,1085,1546
839621,1096,4672,1096,1559
840168,4255,1666,1142,1666
840181,4256,1616,1143,1616
840225,4256,1667,1143,1667
841492,1172,1656,1172,1656
841664,4286,1644,1173,1644
841897,1182,1656,1182,1656
841964,1183,1651,1183,1651
842304,1194,1648,1194,1648
842354,1198,1576,1198,1576
842506,1218,1618,1218,1618
842547,1219,1620,1219,1620
842552,1219,1619,1219,1619
842973,1223,1656,1223,1656
843179,1224,1669,1224,1669
843225,1224,1658,1224,1658
843291,1225,1658,1225,1658
843700,4202,4873,1089,1760
843722,1096,4815,1096,1702
844152,1181,4868,1181,1755
844257,1213,1784,1213,1784
844712,4181,4961,1068,1848
844774,1072,5040,1072,1927
844873,4191,5043,1078,1930
845241,4200,4944,1087,1831
845325,4210,4997,1097,1884
845458,4211,5055,1098,1942
845544,4212,4971,1099,1858
846226,4237,4947,1124,1834
846371,1150,1909,1150,1909
846437,1165,4957,1165,1844
846562,1193,4996,1193,1883
846808,1075,5152,1075,2039
846939,1097,2079,1097,2079
847773,1123,5093,1123,1980
848619,4195,5315,1082,2202
848662,1096,5241,1096,2128
848948,1117,5260,1117,2147
849009,1117,5279,1117,2166
849228,1118,5267,1118,2154
849239,1118,5236,1118,2123
849352,1119,5236,1119,2123
849524,1130,5296,1130,2183
850010,4254,2164,1141,2164
850843,1098,2271,1098,2271
851209,1068,2409,1068,2409
851424,1071,2372,1071,2372
851831,1077,2360,1077,2360
852424,1090,2368,1090,2368
852544,1091,2362,1091,2362
852828,1101,2381,1101,2381
852896,1102,2374,1102,2374
852954,1102,2373,1102,2373
853165,1103,2375,1103,2375
854869,4348,2415,1235,2415
855217,1101,5548,1101,2435
855358,1118,5598,1118,2485
855403,4256,2439,1143,2439
855651,1095,2557,1095,2557
855741,1108,2592,1108,2592
855769,1109,5661,1109,2548
855799,1112,2591,1112,2591
856289,4249,2565,1136,2565
856341,4249,2571,1136,2571
856408,4249,2580,1136,2580
857452,1196,2591,1196,2591
858139,1069,2603,1069,2603
858190,1070,2603,1070,2603
858351,4186,5765,1073,2652
858374,4186,5777,1073,2664
858505,4187,5777,1074,2664
858755,4190,5778,1077,2665
858953,4194,5738,1081,2625
859149,4195,5735,1082,2622
859170,4195,5765,1082,2652
859309,4196,5777,1083,2664
859313,4196,2651,1083,2651
859424,4199,5774,1086,2661
859476,1088,2623,1088,2623
859595,1096,2594,1096,2594
860798,4285,5730,1172,2617
862108,1208,5753,1208,2640
862383,1096,5818,1096,2705
862396,1096,5819,1096,2706
862451,1097,5821,1097,2708
863072,1087,2816,1087,2816
863174,1155,5946,1155,2833
863491,1097,5996,1097,2883
863795,4227,2892,1114,2892
863856,4227,2879,1114,2879
864218,4231,2879,1118,2879
864524,4246,2871,1133,2871
864987,4287,2876,1174,2876
865122,1189,2892,1189,2892
865358,1225,2867,1225,2867
865427,1072,6134,1072,3021
865472,4195,2978,1082,2978
865779,4297,6079,1184,2966
865993,1238,1242,1238,1242
866308,1239,1260,1239,1260
868073,1242,1263,1242,1263
869526,1245,1248,1245,1248
869852,1245,1335,1245,1335
870703,1247,1320,1247,1320
871290,4361,4389,1248,1276
872189,1250,1270,1250,1270
872356,4363,4403,1250,1290
873413,1252,1257,1252,1257
873652,1252,1258,1252,1258
873737,1252,1255,1252,1255
873928,1253,1256,1253,1256
874256,1253,1346,1253,1346
874299,4366,4444,1253,1331
876047,4369,4381,1256,1268
876671,1257,1282,1257,1282
876805,1258,1263,1258,1263
876852,4371,4388,1258,1275
877775,1259,1287,1259,1287
878115,4372,4401,1259,1288
878164,1259,1271,1259,1271
878409,1260,1263,1260,1263
878436,4373,4401,1260,1288
878936,4373,4393,1260,1280
879199,4373,4394,1260,1281
879942,4375,4403,1262,1290
880083,4375,4388,1262,1275
880846,4376,4390,1263,1277
881189,1263,1267,1263,1267
881228,4376,4379,1263,1266
881638,4377,4449,1264,1336
881775,4377,1264,1264,1264
881809,1264,1290,1264,1290
883448,1267,1287,1267,1287
883532,4380,4401,1267,1288
884137,4381,4427,1268,1314
884952,4382,4437,1269,1324
886344,1273,1281,1273,1281
889514,1279,1294,1279,1294
889742,4392,4399,1279,1286
889950,1280,1292,1280,1292
890217,4393,4420,1280,1307
891795,4396,4405,1283,1292
892370,1285,1293,1285,1293
893026,4399,4422,1286,1309
893177,4400,4422,1287,1309
895379,4406,4419,1293,1306
895667,4407,4419,1294,1306
895760,4407,4418,1294,1305
897537,4418,4421,1305,1308
897672,1305,1309,1305,1309
899836,4423,4448,1310,1335
901514,4428,4447,1315,1334
901671,4428,4435,1315,1322
901719,4429,4436,1316,1323
901727,4429,4435,1316,1322
901830,4429,4445,1316,1332
902193,4430,4445,1317,1332
903107,4432,4474,1319,1361
903711,4433,4445,1320,1332
904050,4434,4475,1321,1362
905128,1324,1334,1324,1334
907958,1329,1334,1329,1334
913122,4453,4457,1340,1344
913602,1341,1389,1341,1389
913981,4454,4493,1341,1380
914236,4455,4467,1342,1354
914990,1343,1369,1343,1369
915808,4457,4479,1344,1366
915969,1344,1394,1344,1394
915995,1344,1393,1344,1393
916045,1344,1369,1344,1369
917021,1345,1380,1345,1380
917056,1345,1392,1345,1392
917144,1346,1369,1346,1369
918185,4460,4492,1347,1379
919682,4463,4491,1350,1378
921762,1354,1376,1354,1376
922127,1354,1375,1354,1375
926743,1364,1384,1364,1384
927028,4478,4486,1365,1373
927100,1365,1375,1365,1375
927307,1365,1368,1365,1368
929519,1369,1373,1369,1373
931866,1373,1381,1373,1381
932733,4488,4498,1375,1385
933839,4491,4498,1378,1385
935398,1382,1385,1382,1385
935908,1384,1390,1384,1390
936344,4498,4503,1385,1390
940420,1247,4629,1247,1516
940653,1250,4629,1250,1516
940773,1254,4589,1254,1476
941524,1316,4650,1316,1537
941742,4448,4614,1335,1501
941795,1344,4533,1344,1420
941798,1344,4627,1344,1514
941823,1346,4540,1346,1427
941998,1369,4591,1369,1478
942466,1239,4790,1239,1677
942471,1239,4694,1239,1581
942857,1265,4676,1265,1563
942911,1265,4658,1265,1545
943003,1266,4658,1266,1545
943143,1267,4678,1267,1565
943296,1274,1656,1274,1656
943709,1281,4692,1281,1579
944114,1285,4685,1285,1572
944216,1285,4678,1285,1565
944385,1288,4662,1288,1549
944424,1288,4665,1288,1552
944759,1289,4675,1289,1562
945167,1294,4681,1294,1568
945210,1305,1659,1305,1659
945527,1331,4668,1331,1555
945754,1385,4664,1385,1551
945871,1245,4829,1245,1716
945872,1245,4832,1245,1719
946152,1270,1769,1270,1769
946189,1270,1765,1270,1765
947228,1283,1720,1283,1720
947261,1283,1786,1283,1786
948228,4477,4935,1364,1822
948375,1395,1765,1395,1765
948410,1396,1765,1396,1765
948532,1238,4998,1238,1885
949438,1304,4944,1304,1831
949606,1306,4979,1306,1866
949725,1307,5005,1307,1892
949735,1308,4950,1308,1837
949872,1309,4978,1309,1865
949901,1310,4979,1310,1866
950098,1313,4996,1313,1883
950413,1316,5029,1316,1916
950896,1339,5057,1339,1944
951388,1343,5047,1343,1934
951447,1344,5047,1344,1934
951637,1346,5029,1346,1916
951639,1346,5051,1346,1938
951842,1368,5048,1368,1935
952124,1385,5033,1385,1920
952247,4499,4991,1386,1878
952257,1386,5041,1386,1928
952649,1390,4965,1390,1852
952835,1393,5053,1393,1940
952937,1394,4998,1394,1885
953254,4384,2050,1271,2050
953676,1379,5077,1379,1964
954135,1388,2141,1388,2141
954163,4353,2309,1240,2309
954185,4365,5421,1252,2308
954299,4383,2248,1270,2248
955748,4457,5426,1344,2313
956770,4498,5410,1385,2297
957076,4500,5422,1387,2309
957166,4501,5425,1388,2312
957307,4502,5414,1389,2301
957387,4503,5423,1390,2310
957502,1244,2389,1244,2389
957580,4383,5525,1270,2412
958013,4483,5531,1370,2418
958339,4457,2480,1344,2480
958343,1345,2425,1345,2425
958625,4356,2550,1243,2550
959131,1319,2513,1319,2513
959442,4481,2555,1368,2555
959692,4355,2656,1242,2656
959719,4358,2667,1245,2667
959820,1269,5753,1269,2640
959954,1308,5720,1308,2607
960032,1321,2612,1321,2612
960113,4470,2595,1357,2595
960218,1382,5773,1382,2660
960354,4351,2683,1238,2683
960389,4364,5791,1251,2678
960651,4376,5834,1263,2721
961244,4448,5786,1335,2673
962418,1308,5987,1308,2874
963967,4506,6157,1393,3044
964852,1399,1410,1399,1410
964894,1399,1411,1399,1411
965197,1400,1403,1400,1403
965598,1400,1411,1400,1411
965669,1401,1411,1401,1411
965857,4514,4526,1401,1413
966112,4515,4526,1402,1413
966307,1402,1412,1402,1412
966362,4515,4542,1402,1429
966417,4516,1403,1403,1403
966861,4516,4552,1403,1439
966965,4517,4541,1404,1428
967903,4519,1406,1406,1406
967926,1406,1411,1406,1411
968102,1406,1410,1406,1410
968164,1406,1417,1406,1417
968281,1407,1410,1407,1410
969912,1409,1431,1409,1431
969930,4522,4636,1409,1523
970091,4523,4636,1410,1523
970162,4523,4611,1410,1498
970208,4523,4550,1410,1437
970625,4524,4529,1411,1416
970807,1412,1415,1412,1415
971743,4527,4560,1414,1447
972387,4528,4581,1415,1468
972579,4528,4636,1415,1523
972954,4529,4560,1416,1447
980845,4543,4551,1430,1438
983421,1435,1461,1435,1461
987520,1448,1469,1448,1469
990210,1453,1536,1453,1536
991309,4568,4576,1455,1463
991534,1455,1535,1455,1535
991653,4568,4575,1455,1462
992839,1457,1473,1457,1473
994486,1460,1463,1460,1463
999214,1469,1477,1469,1477
999247,4582,4586,1469,1473
999639,4583,4586,1470,1473
1000168,4584,4593,1471,1480
1004143,4591,4653,1478,1540
1004205,1478,1515,1478,1515
1006378,1482,1510,1482,1510
1007088,1483,1537,1483,1537
1008276,1486,1511,1486,1511
1011702,1493,1533,1493,1533
1012385,1494,1502,1494,1502
1012556,4607,4637,1494,1524
1012679,1494,1506,1494,1506
1012866,4608,4645,1495,1532
1013374,4609,4616,1496,1503
1017896,4616,4626,1503,1513
1018476,1504,1519,1504,1519
1018547,4617,4646,1504,1533
1018926,4618,4637,1505,1524
1018964,4618,4633,1505,1520
1020529,1508,1528,1508,1528
1022783,1513,1517,1513,1517
1022842,4626,4649,1513,1536
1022875,4626,4650,1513,1537
1024950,4630,4639,1517,1526
1025507,4632,4641,1519,1528
1026476,4634,4637,1521,1524
1029577,4639,4644,1526,1531
1029681,1526,1542,1526,1542
1031575,1529,1532,1529,1532
1032934,1532,1540,1532,1540
1032965,1532,1541,1532,1541
1037326,1403,1639,1403,1639
1037969,4520,1785,1407,1785
1038315,1415,4894,1415,1781
1038377,4530,1767,1417,1767
1038814,4534,1758,1421,1758
1038887,4535,1812,1422,1812
1039185,4537,1792,1424,1792
1039963,4569,1764,1456,1764
1040697,4580,1770,1467,1770
1041252,1516,4895,1516,1782
1041331,1526,4852,1526,1739
1042313,1457,1930,1457,1930
1042355,1457,1908,1457,1908
1042585,1463,1898,1463,1898
1042664,1465,1900,1465,1900
1043832,1489,1915,1489,1915
1044338,1492,1931,1492,1931
1044997,1502,1947,1502,1947
1045083,1502,1920,1502,1920
1045216,4616,5027,1503,1914
1046223,1532,1945,1532,1945
1046524,4647,5049,1534,1936
1046944,1537,1933,1537,1933
1048138,1412,5163,1412,2050
1048436,4538,1970,1425,1970
1048663,1436,5169,1436,2056
1048733,1436,5171,1436,2058
1048852,1437,5170,1437,2057
1049014,1438,5163,1438,2050
1049372,1455,5145,1455,2032
1049798,4627,5094,1514,1981
1050108,4513,5226,1400,2113
1050184,4514,5225,1401,2112
1050237,4515,5225,1402,2112
1050662,4537,5232,1424,2119
1050757,4538,5257,1425,2144
1052338,4606,5309,1493,2196
1052403,4609,2194,1496,2194
1052432,4611,5228,1498,2115
1052619,4613,5240,1500,2127
1053149,1478,2235,1478,2235
1053244,1496,5397,1496,2284
1053479,1520,5383,1520,2270
1053743,1542,5390,1542,2277
1053801,1398,5494,1398,2381
1053827,1415,5456,1415,2343
1054525,1489,2498,1489,2498
1055181,4551,5778,1438,2665
1055547,4614,5816,1501,2703
1057514,1495,3018,1495,3018
1057672,1496,3006,1496,3006
1057762,1503,3038,1503,3038
1057878,1520,3039,1520,3039
1058050,1545,4658,1545,1545
1058189,1545,1574,1545,1574
1058267,4658,4664,1545,1551
1058412,1545,1559,1545,1559
1058583,4659,4686,1546,1573
1058952,4659,4662,1546,1549
1059066,1546,1552,1546,1552
1060150,1548,1560,1548,1560
1060155,1548,1553,1548,1553
1060542,1549,1560,1549,1560
1061982,4664,4758,1551,1645
1062848,4665,4673,1552,1560
1062924,4666,4672,1553,1559
1063038,1553,1575,1553,1575
1063322,4666,4764,1553,1651
1063753,4667,4672,1554,1559
1065530,4672,4675,1559,1562
1066104,1560,1574,1560,1574
1066766,1561,1582,1561,1582
1067083,1562,1571,1562,1571
1067703,1564,1567,1564,1567
1067990,4677,4680,1564,1567
1069761,4680,4689,1567,1576
1071468,4685,4696,1572,1583
1073682,4691,4695,1578,1582
1075128,4693,4753,1580,1640
1077233,1616,1623,1616,1623
1077245,1616,1625,1616,1625
1077251,4729,4745,1616,1632
1077854,4730,4749,1617,1636
1078151,1617,1667,1617,1667
1078223,1617,1650,1617,1650
1078920,1618,1631,1618,1631
1079303,1619,1665,1619,1665
1079405,4732,4771,1619,1658
1079597,4733,4736,1620,1623
1079841,4733,4774,1620,1661
1080675,1621,1650,1621,1650
1081395,1622,1663,1622,1663
1081615,4736,4741,1623,1628
1082202,1624,1660,1624,1660
1083181,1625,1666,1625,1666
1083211,4739,4742,1626,1629
1084135,4740,4774,1627,1661
1084901,4741,4767,1628,1654
1087062,1632,1639,1632,1639
1088177,4747,4752,1634,1639
1090616,1639,1645,1639,1645
1090764,4753,4788,1640,1675
1090935,1640,1645,1640,1645
1091919,1641,1666,1641,1666
1094996,1647,1661,1647,1661
1095887,4761,4764,1648,1651
1096340,4762,4778,1649,1665
1106086,1671,4784,1671,1671
1113229,4672,4873,1559,1760
1113378,4687,1740,1574,1740
1113567,4694,1775,1581,1775
1113714,4732,1733,1619,1733
1113784,1632,4909,1632,1796
1113975,4769,1732,1656,1732
1114266,4796,1799,1683,1799
1114318,1546,5023,1546,1910
1114414,1547,5043,1547,1930
1114818,1551,5060,1551,1947
1114837,1551,5057,1551,1944
1114978,1551,5061,1551,1948
1115235,1553,5019,1553,1906
1115399,1557,5019,1557,1906
1115555,1578,5066,1578,1953
1116445,4791,4940,1678,1827
1116670,4797,4936,1684,1823
1116731,4665,2052,1552,2052
1116849,1580,5134,1580,2021
1116883,4730,2038,1617,2038
1116895,4733,2081,1620,2081
1117118,1661,2057,1661,2057
1117285,4663,2155,1550,2155
1117317,1550,5309,1550,2196
1117359,1553,5316,1553,2203
1117801,1578,5304,1578,2191
1118653,1669,5307,1669,2194
1118691,1670,2170,1670,2170
1118852,4733,5421,1620,2308
1119231,1640,2358,1640,2358
1119972,1583,5558,1583,2445
1120056,4730,2485,1617,2485
1120127,4732,2483,1619,2483
1120653,4746,2486,1633,2486
1120824,4753,2486,1640,2486
1121399,4676,5650,1563,2537
1121416,1563,2519,1563,2519
1121582,1583,2514,1583,2514
1121646,1632,2589,1632,2589
1121665,1633,2517,1633,2517
1122080,1656,2516,1656,2516
1122275,1665,2512,1665,2512
1123297,1545,5780,1545,2667
1123763,1548,5781,1548,2668
1124305,1560,5780,1560,2667
1124316,1560,5740,1560,2627
1124550,1561,5749,1561,2636
1124888,1567,5731,1567,2618
1124896,1567,5730,1567,2617
1125038,1574,5731,1574,2618
1125521,1583,5748,1583,2635
1125602,4749,5725,1636,2612
1125626,1641,2631,1641,2631
1125833,1679,2614,1679,2614
1125949,1680,2631,1680,2631
1126022,1681,2635,1681,2635
1126108,1550,5834,1550,2721
1126292,4792,2718,1679,2718
1126440,4798,5816,1685,2703
1126890,4762,5860,1649,2747
1127140,4771,5857,1658,2744
1127375,4780,5861,1667,2748
1127634,1547,2836,1547,2836
1127781,4796,2831,1683,2831
1127865,4672,5985,1559,2872
1128178,1639,2886,1639,2886
1128845,4791,5983,1678,2870
1129181,4796,6007,1683,2894
1129215,4796,5990,1683,2877
1130157,1688,1693,1688,1693
1131013,4802,1691,1689,1691
1131267,1690,1695,1690,1695
1131726,1690,4855,1690,1742
1131736,4803,1694,1690,1694
1131959,4804,1710,1691,1710
1135495,4811,4870,1698,1757
1139892,1704,1708,1704,1708
1140558,1706,1730,1706,1730
1140766,4819,4838,1706,1725
1141038,1707,1721,1707,1721
1141042,4820,4843,1707,1730
1141121,1707,1713,1707,1713
1142346,4822,4871,1709,1758
1142491,4822,4869,1709,1756
1142813,4823,4865,1710,1752
1144967,1714,1732,1714,1732
1145223,4827,4852,1714,1739
1145273,4827,4830,1714,1717
1145812,1715,1730,1715,1730
1146302,4829,4852,1716,1739
1147917,1718,1752,1718,1752
1147959,4831,4857,1718,1744
1148176,1719,1751,1719,1751
1149091,1720,1730,1720,1730
1150847,4838,4857,1725,1744
1151813,4844,4850,1731,1737
1152433,4845,4870,1732,1757
1152616,1734,1739,1734,1739
1153621,4851,4854,1738,1741
1154055,4853,4895,1740,1782
1154579,4854,4906,1741,1793
1155706,1744,1778,1744,1778
1156451,4858,4878,1745,1765
1156793,4859,4880,1746,1767
1157614,4860,4917,1747,1804
1157908,4861,4867,1748,1754
1158021,1748,1754,1748,1754
1158338,4861,4865,1748,1752
1161220,1753,1774,1753,1774
1161956,4867,4885,1754,1772
1162024,1754,1809,1754,1809
1162193,4868,4884,1755,1771
1162643,1756,1800,1756,1800
1162957,1757,1767,1757,1767
1162982,1757,1763,1757,1763
1168972,4881,4886,1768,1773
1171170,4887,4922,1774,1809
1171327,4887,4910,1774,1797
1171687,4888,4893,1775,1780
1172103,4889,4921,1776,1808
1173556,4891,4894,1778,1781
1176288,4896,4930,1783,1817
1176637,1783,1788,1783,1788
1176750,1784,1787,1784,1787
1178480,4900,4914,1787,1801
1178539,4900,4915,1787,1802
1178913,4900,4917,1787,1804
1178946,4900,4916,1787,1803
1181960,4906,4916,1793,1803
1182006,4906,4918,1793,1805
1186708,1802,1814,1802,1814
1187467,4916,4923,1803,1810
1187950,1804,1817,1804,1817
1188115,4917,4931,1804,1818
1189492,1807,1812,1807,1812
1189665,4920,4934,1807,1821
1192163,4926,4929,1813,1816
1194935,4829,1952,1716,1952
1194987,4834,1827,1721,1827
1195087,4852,5029,1739,1916
1195997,1793,5005,1793,1892
1196137,1794,4951,1794,1838
1196458,4929,4962,1816,1849
1196576,1820,4975,1820,1862
1196624,1687,5183,1687,2070
1196877,4805,1990,1692,1990
1197211,4810,2037,1697,2037
1197284,4810,1979,1697,1979
1197450,1699,1984,1699,1984
1197980,1774,2070,1774,2070
1197997,4891,1972,1778,1972
1198561,1814,1962,1814,1962
1198745,1759,5232,1759,2119
1199028,1791,5232,1791,2119
1199464,4899,5412,1786,2299
1199792,4887,2348,1774,2348
1200389,1819,2400,1819,2400
1200737,4802,2496,1689,2496
1200774,4802,2497,1689,2497
1200898,4812,5537,1699,2424
1201028,4816,2499,1703,2499
1201170,1711,2497,1711,2497
1201194,1712,2498,1712,2498
1201248,1714,2495,1714,2495
1201363,1714,2481,1714,2481
1201414,4830,2475,1717,2475
1201762,4848,2506,1735,2506
1201941,1739,2439,1739,2439
1202014,4853,2439,1740,2439
1202019,4853,2445,1740,2445
1202285,4873,2437,1760,2437
1202760,1805,5561,1805,2448
1202889,1809,5558,1809,2445
1203568,4856,5669,1743,2556
1203588,4867,5700,1754,2587
1204015,1741,2629,1741,2629
1204368,4812,2725,1699,2725
1204383,1699,2716,1699,2716
1204490,1700,2716,1700,2716
1205182,4873,2674,1760,2674
1205205,4874,2675,1761,2675
1205368,4891,2720,1778,2720
1205882,4812,2734,1699,2734
1206137,4825,2741,1712,2741
1206422,4853,5846,1740,2733
1206734,4870,5845,1757,2732
1206817,4872,2791,1759,2791
1206852,4872,2773,1759,2773
1207032,4873,2788,1760,2788
1207271,4875,2735,1762,2735
1207509,4881,2774,1768,2774
1207698,4891,2761,1778,2761
1208400,4901,2762,1788,2762
1208580,4902,2750,1789,2750
1208714,4902,2751,1789,2751
1208986,4908,2738,1795,2738
1209053,4910,2774,1797,2774
1209172,4911,2741,1798,2741
1209343,4913,2790,1800,2790
1209451,4913,2783,1800,2783
1210009,4933,2755,1820,2755
1210181,4935,2755,1822,2755
1210760,4805,5939,1692,2826
1211053,4814,5945,1701,2832
1211671,4818,5938,1705,2825
1211706,4818,5936,1705,2823
1211850,1710,5952,1710,2839
1211868,1710,5944,1710,2831
1212150,1712,5948,1712,2835
1212312,4831,5935,1718,2822
1212456,4845,5935,1732,2822
1212639,4853,5945,1740,2832
1212834,1820,2833,1820,2833
1212937,1690,6007,1690,2894
1213024,4870,5976,1757,2863
1213208,1798,5989,1798,2876
1213488,1816,5976,1816,2863
1213653,1821,5985,1821,2872
1214385,4829,2909,1716,2909
1215560,4880,6066,1767,2953
1215652,4882,2902,1769,2902
1216170,4897,6075,1784,2962
1217198,4928,6023,1815,2910
1217498,4936,1823,1823,1823
1217786,4936,4939,1823,1826
1218686,1826,1834,1826,1834
1218929,1826,1864,1826,1864
1220841,1830,1838,1830,1838
1221253,1831,1957,1831,1957
1221420,1831,1841,1831,1841
1222047,1832,1836,1832,1836
1222605,1833,1853,1833,1853
1223583,1834,1842,1834,1842
1224341,4948,4960,1835,1847
1224958,4949,4995,1836,1882
1225430,4950,4995,1837,1882
1226547,4951,4970,1838,1857
1226812,1839,1849,1839,1849
1227386,4953,5062,1840,1949
1227785,4953,5063,1840,1950
1227794,4953,5014,1840,1901
1228502,4954,5015,1841,1902
1229090,1842,1868,1842,1868
1229500,4956,5070,1843,1957
1230905,1846,1849,1846,1849
1230908,4959,4991,1846,1878
1231845,4961,5014,1848,1901
1231920,4962,5063,1849,1950
1234659,4967,5056,1854,1943
1235996,4969,4996,1856,1883
1237356,4970,5007,1857,1894
1237390,4970,1857,1857,1857
1237562,4971,4996,1858,1883
1237705,4971,4993,1858,1880
1238563,4972,4980,1859,1867
1240738,4979,5004,1866,1891
1241442,4980,5006,1867,1893
1244695,4992,5038,1879,1925
1245198,1880,1949,1880,1949
1250711,1890,1895,1890,1895
1252163,5006,5017,1893,1904
1253300,1895,1942,1895,1942
1256301,1900,1931,1900,1931
1256379,1900,1908,1900,1908
1257089,5014,5017,1901,1904
1257253,1901,1929,1901,1929
1257687,1902,1905,1902,1905
1258775,5017,5070,1904,1957
1260169,5019,5037,1906,1924
1260780,1907,1932,1907,1932
1261426,5021,5047,1908,1934
1261446,5021,5059,1908,1946
1261541,5021,5039,1908,1926
1261893,5022,5029,1909,1916
1263602,5026,5049,1913,1936
1265913,1918,1949,1918,1949
1266241,5031,5049,1918,1936
1267206,5033,5041,1920,1928
1267247,1920,1928,1920,1928
1268029,1922,1927,1922,1927
1268143,1922,1928,1922,1928
1268870,1924,1928,1924,1928
1268898,1924,1927,1924,1927
1270303,5040,5043,1927,1930
1274207,5049,5058,1936,1945
1274401,1936,1939,1936,1939
1283898,4946,5099,1833,1986
1284279,1891,5167,1891,2054
1284328,1891,5192,1891,2079
1284617,5006,5075,1893,1962
1285242,1937,5153,1937,2040
1285423,1938,5141,1938,2028
1286539,5007,5228,1894,2115
1286713,5011,5310,1898,2197
1287036,5014,5305,1901,2192
1287107,5019,5316,1906,2203
1287197,5020,5307,1907,2194
1287423,5038,5308,1925,2195
1287442,5038,5310,1925,2197
1287574,5059,5308,1946,2195
1287959,4948,5359,1835,2246
1288327,1941,2302,1941,2302
1289312,1957,5474,1957,2361
1289327,1823,2502,1823,2502
1289465,1824,2501,1824,2501
1289556,1824,2451,1824,2451
1290363,1849,2491,1849,2491
1290424,1856,2491,1856,2491
1290449,1857,2476,1857,2476
1290499,1858,2477,1858,2477
1291715,1885,5701,1885,2588
1291781,1885,5626,1885,2513
1291844,1886,5627,1886,2514
1292754,4946,5720,1833,2607
1293158,4957,5710,1844,2597
1293230,4958,5716,1845,2603
1293294,4958,5707,1845,2594
1293305,4958,5717,1845,2604
1293444,4960,5714,1847,2601
1294172,5015,5718,1902,2605
1294473,5042,5771,1929,2658
1294698,5066,5706,1953,2593
1294730,5066,5752,1953,2639
1294984,5070,5783,1957,2670
1295180,4943,2716,1830,2716
1295239,4960,2679,1847,2679
1295817,1833,2791,1833,2791
1295834,1833,5849,1833,2736
1296010,1837,5855,1837,2742
1296089,1838,5855,1838,2742
1296143,1839,5856,1839,2743
1296286,1843,5849,1843,2736
1296429,1843,5863,1843,2750
1296462,1843,5864,1843,2751
1296670,1849,5855,1849,2742
1296779,1850,5855,1850,2742
1297480,1864,5852,1864,2739
1297575,1865,5868,1865,2755
1297827,1868,5849,1868,2736
1298063,1878,5874,1878,2761
1299020,1909,5897,1909,2784
1299287,1924,5866,1924,2753
1299796,1936,5881,1936,2768
1300439,1949,5867,1949,2754
1300455,1950,5875,1950,2762
1301056,1954,5900,1954,2787
1301124,1955,5847,1955,2734
1301368,1957,5845,1957,2732
1301800,5061,5951,1948,2838
1301926,1827,2888,1827,2888
1303208,1845,3012,1845,3012
1303628,1867,2969,1867,2969
1303630,1867,2970,1867,2970
1304433,1918,3042,1918,3042
1304607,1923,3016,1923,3016
1305012,1928,3049,1928,3049
1306154,1960,1968,1960,1968
1306407,1960,1967,1960,1967
1308742,1964,1972,1964,1972
1309226,1965,2089,1965,2089
1310237,1966,1984,1966,1984
1312965,1972,1985,1972,1985
1317849,1981,1988,1981,1988
1318878,5096,5101,1983,1988
1320891,5101,5104,1988,1991
1325005,5114,5123,2001,2010
1325616,2002,2030,2002,2030
1326363,2004,2046,2004,2046
1328382,2008,5136,2008,2023
1330124,5124,5139,2011,2026
1330198,5124,5140,2011,2027
1330524,2011,2076,2011,2076
1331544,2013,2024,2013,2024
1331617,2013,2062,2013,2062
1331632,2013,2031,2013,2031
1333958,5130,5190,2017,2077
1334413,5131,5199,2018,2086
1334489,5131,5202,2018,2089
1335406,5133,5153,2020,2040
1336496,2022,2032,2022,2032
1340013,5141,5175,2028,2062
1340731,5143,5150,2030,2037
1341194,2031,2076,2031,2076
1342040,2032,2049,2032,2049
1343368,5148,5163,2035,2050
1347952,5159,5163,2046,2050
1349927,2050,2056,2050,2056
1350240,5164,5168,2051,2055
1351198,2052,5199,2052,2086
1353759,2056,2065,2056,2065
1355874,2060,2074,2060,2074
1357220,5175,5188,2062,2075
1357261,5176,5187,2063,2074
1362999,5185,5188,2072,2075
1366120,2079,2090,2079,2090
1369394,2084,2090,2084,2090
1369581,2085,2089,2085,2089
1370221,5199,5202,2086,2089
1372754,5073,2237,1960,2237
1373255,1975,2355,1975,2355
1373262,5089,2355,1976,2355
1373420,5126,5529,2013,2416
1373423,5126,5515,2013,2402
1373541,5127,5515,2014,2402
1374312,2003,5617,2003,2504
1374718,2012,5619,2012,2506
1374778,2014,5613,2014,2500
1375125,2020,5564,2020,2451
1375144,2021,5539,2021,2426
1375297,2022,5614,2022,2501
1375656,2050,5592,2050,2479
1375691,2050,5609,2050,2496
1376128,2055,5613,2055,2500
1376167,2056,5616,2056,2503
1376288,2057,5615,2057,2502
1376544,2064,5614,2064,2501
1376636,2065,5611,2065,2498
1376991,2085,5619,2085,2506
1377358,5079,5653,1966,2540
1377946,5102,2574,1989,2574
1378353,5105,2575,1992,2575
1378661,5124,5654,2011,2541
1378819,5126,2557,2013,2557
1379130,2068,5663,2068,2550
1379514,5085,2647,1972,2647
1379602,5087,2648,1974,2648
1379723,5088,2648,1975,2648
1379890,1989,2614,1989,2614
1380041,5127,2643,2014,2643
1380344,1960,2720,1960,2720
1380432,1963,2720,1963,2720
1380576,1965,2718,1965,2718
1380662,5079,5823,1966,2710
1380732,1973,2720,1973,2720
1380773,1975,2715,1975,2715
1381134,1991,2700,1991,2700
1381468,2011,2678,2011,2678
1381491,2011,2679,2011,2679
1381547,5124,5799,2011,2686
1381647,2013,2691,2013,2691
1382015,2017,2705,2017,2705
1382522,2027,2729,2027,2729
1382584,2028,2705,2028,2705
1382758,2042,2709,2042,2709
1383074,2063,2690,2063,2690
1383102,2064,2690,2064,2690
1383127,2064,2730,2064,2730
1383323,2078,2687,2078,2687
1383382,2078,2688,2078,2688
1383566,2082,2679,2082,2679
1383683,2084,2689,2084,2689
1383696,2085,2689,2085,2689
1383865,5199,5824,2086,2711
1384185,2089,2682,2089,2682
1384252,2090,2680,2090,2680
1384949,2017,2789,2017,2789
1385028,2026,2737,2026,2737
1385827,5189,5884,2076,2771
1386388,5085,2814,1972,2814
1386612,5127,2816,2014,2816
1386623,5127,2822,2014,2822
1386692,2015,5955,2015,2842
1387144,5098,2880,1985,2880
1387284,5101,2880,1988,2880
1387846,5098,2983,1985,2983
1387947,2011,3024,2011,3024
1388121,2057,6015,2057,2902
1388376,5225,5281,2112,2168
1388409,2112,2131,2112,2131
1389034,5226,5266,2113,2153
1389118,5226,5255,2113,2142
1390458,2115,2123,2115,2123
1391192,2116,2144,2116,2144
1391702,5230,5240,2117,2127
1392599,2118,2121,2118,2121
1392618,2118,2144,2118,2144
1392976,2119,2122,2119,2122
1393183,2119,2141,2119,2141
1393250,2119,2143,2119,2143
1394218,2121,2142,2121,2142
1394259,5234,5248,2121,2135
1394381,2121,2143,2121,2143
1394410,5234,5255,2121,2142
1395144,5235,5284,2122,2171
1395509,2122,2132,2122,2132
1396607,2124,2127,2124,2127
1396695,5237,5284,2124,2171
1397693,2126,2155,2126,2155
1397700,5239,5297,2126,2184
1398472,2127,2131,2127,2131
1398684,5240,5262,2127,2149
1401336,2133,2143,2133,2143
1402127,2134,2143,2134,2143
1403887,2137,2192,2137,2192
1404225,2138,2189,2138,2189
1404520,5251,5256,2138,2143
1405455,2139,2142,2139,2142
1405821,2140,2191,2140,2191
1406231,2140,2184,2140,2184
1409329,2146,2158,2146,2158
1410167,2148,2185,2148,2185
1412669,5268,5278,2155,2165
1417245,5280,5301,2167,2188
1419252,5284,5292,2171,2179
1419366,2171,2178,2171,2178
1419804,5285,5289,2172,2176
1420452,5287,5291,2174,2178
1421772,5290,5315,2177,2202
1422959,2181,2185,2181,2185
1423795,5296,5300,2183,2187
1423873,2183,2186,2183,2186
1424022,5296,5315,2183,2202
1424025,5296,5314,2183,2201
1424200,2184,2199,2184,2199
1424667,5298,5302,2185,2189
1426079,2188,2191,2188,2191
1426583,2189,2192,2189,2192
1427373,2191,2203,2191,2203
1432746,2203,2206,2203,2206
1434122,2141,5369,2141,2256
1435202,2171,2560,2171,2560
1435217,2178,2551,2178,2551
1435629,2116,2651,2116,2651
1435764,2124,2651,2124,2651
1435779,5242,2593,2129,2593
1435806,2132,2670,2132,2670
1435819,2134,2652,2134,2652
1436626,2182,2660,2182,2660
1436655,2183,2662,2183,2662
1436681,2183,2655,2183,2655
1436861,2197,2657,2197,2657
1437850,2134,5949,2134,2836
1439248,5343,5355,2230,2242
1439527,2231,2251,2231,2251
1439779,2231,2271,2231,2271
1439808,2231,2265,2231,2265
1441332,2233,2246,2233,2246
1441686,2234,2238,2234,2238
1442308,2236,2250,2236,2250
1442659,5350,5368,2237,2255
1443018,2238,2288,2238,2288
1444243,5354,5369,2241,2256
1444813,2242,2252,2242,2252
1445731,5357,5399,2244,2286
1447334,2247,2250,2247,2250
1448601,2250,2253,2250,2253
1448680,5363,5366,2250,2253
1449975,2254,2269,2254,2269
1450688,2255,2294,2255,2294
1451567,5371,5408,2258,2295
1452203,2259,2262,2259,2262
1453175,2260,2303,2260,2303
1453793,2261,2287,2261,2287
1453871,2261,2303,2261,2303
1455173,2263,2267,2263,2267
1456522,2265,2268,2265,2268
1457321,5380,5404,2267,2291
1462447,2277,2282,2277,2282
1465515,2282,2302,2282,2302
1465551,2282,2301,2282,2301
1468575,2287,2303,2287,2303
1470552,5405,5420,2292,2307
1470568,2292,2304,2292,2304
1471588,5408,5416,2295,2303
1474669,5414,5425,2301,2312
1475424,5415,5418,2302,2305
1481399,5343,5471,2230,2358
1481826,5344,2421,2231,2421
1482143,5357,5542,2244,2429
1482154,5363,2421,2250,2421
1483715,5350,5649,2237,2536
1483856,5352,5649,2239,2536
1484144,5354,5698,2241,2585
1484168,5354,5650,2241,2537
1485002,5368,5676,2255,2563
1485475,5390,5684,2277,2571
1486431,2295,5831,2295,2718
1486540,5354,2776,2241,2776
1486657,5361,5876,2248,2763
1486725,5372,2777,2259,2777
1487083,5392,5878,2279,2765
1487519,5403,5953,2290,2840
1487749,2305,5981,2305,2868
1489329,5376,6046,2263,2933
1491161,5402,6045,2289,2932
1491199,5402,6013,2289,2900
1491932,2305,6138,2305,3025
1491946,5418,6034,2305,2921
1493075,5452,5493,2339,2380
1493797,5454,5457,2341,2344
1495743,5459,5528,2346,2415
1496439,5461,5465,2348,2352
1497290,2350,2383,2350,2383
1500119,5469,5481,2356,2368
1500985,5470,5481,2357,2368
1504948,2363,2372,2363,2372
1506661,5480,5511,2367,2398
1507304,5481,5511,2368,2398
1508891,2371,2390,2371,2390
1508980,5484,5488,2371,2375
1509743,2373,2376,2373,2376
1512154,5490,5493,2377,2380
1512828,5491,5520,2378,2407
1513783,5493,5512,2380,2399
1516191,2384,2400,2384,2400
1519943,5504,5509,2391,2396
1520031,5504,5511,2391,2398
1526496,5517,5528,2404,2415
1526525,2404,2417,2404,2417
1527642,5519,5523,2406,2410
1528444,2407,2410,2407,2410
1529448,5521,5524,2408,2411
1529555,2409,2415,2409,2415
1529760,5522,5526,2409,2413
1533699,5474,2439,2361,2439
1533726,2369,5621,2369,2508
1534004,2378,5558,2378,2445
1534035,2379,5602,2379,2489
1534231,5508,2424,2395,2424
1534399,2353,2582,2353,2582
1534536,2357,2588,2357,2588
1534809,2358,2589,2358,2589
1535058,5479,5626,2366,2513
1535414,5494,2554,2381,2554
1535623,5496,2556,2383,2556
1535860,5500,5669,2387,2556
1536067,2393,2586,2393,2586
1536280,2395,2586,2395,2586
1536832,5519,5664,2406,2551
1537059,5530,5657,2417,2544
1537188,2342,2626,2342,2626
1537434,2355,2625,2355,2625
1537631,2381,2601,2381,2601
1538095,5517,2597,2404,2597
1538393,5523,2595,2410,2595
1538869,5471,2730,2358,2730
1538923,5482,2673,2369,2673
1539193,5515,5790,2402,2677
1539801,5509,2790,2396,2790
1540112,5455,2816,2342,2816
1540482,5460,2836,2347,2836
1540789,5468,2835,2355,2835
1541433,5482,2834,2369,2834
1541758,5489,2823,2376,2823
1542357,5506,2831,2393,2831
1542466,5510,2831,2397,2831
1542502,5511,2834,2398,2834
1542542,5512,2828,2399,2828
1542598,5517,2837,2404,2837
1542998,5526,2825,2413,2825
1543657,2343,2893,2343,2893
1543717,2352,2893,2352,2893
1543845,2355,2893,2355,2893
1544094,2357,2870,2357,2870
1544537,5484,6007,2371,2894
1544621,5484,5991,2371,2878
1544916,5486,6005,2373,2892
1545121,5488,5998,2375,2885
1545794,5526,6001,2413,2888
1548850,2425,2444,2425,2444
1549803,2427,2433,2427,2433
1549864,2427,2439,2427,2439
1550400,5541,5590,2428,2477
1550523,5541,5614,2428,2501
1550725,5542,5590,2429,2477
1550939,2429,2476,2429,2476
1553029,5545,5587,2432,2474
1553076,5545,5583,2432,2470
1553397,5546,2433,2433,2433
1554520,5548,5601,2435,2488
1554907,2436,2505,2436,2505
1561919,2451,2470,2451,2470
1562186,2451,2501,2451,2501
1562211,2451,2500,2451,2500
1565236,5583,5589,2470,2476
1565687,2470,2473,2470,2473
1565720,5583,5588,2470,2475
1567392,2473,2494,2473,2494
1567574,2473,2476,2473,2476
1568528,5588,5608,2475,2495
1569972,2477,2490,2477,2490
1569983,2477,2494,2477,2494
1570181,2478,2495,2478,2495
1570576,5591,5611,2478,2498
1571119,2479,2482,2479,2482
1571131,2479,2497,2479,2497
1571668,2481,5612,2481,2499
1571669,5594,5612,2481,2499
1572260,2483,2489,2483,2489
1572327,2483,2494,2483,2494
1572870,5598,5609,2485,2496
1573109,5598,5607,2485,2494
1573565,5599,5609,2486,2496
1573629,5599,5604,2486,2491
1580106,5613,2500,2500,2500
1581357,2503,2508,2503,2508
1581683,2504,2508,2504,2508
1584650,2423,5670,2423,2557
1584697,2423,5663,2423,2550
1584760,2424,5703,2424,2590
1584951,2425,5638,2425,2525
1585017,2426,5637,2426,2524
1585867,2439,5637,2439,2524
1586261,2446,5692,2446,2579
1586282,2447,5691,2447,2578
1586332,5586,5654,2473,2541
1586592,2490,2665,2490,2665
1587259,2431,2683,2431,2683
1587519,2479,5837,2479,2724
1587669,5616,2687,2503,2687
1587885,2505,2714,2505,2714
1588039,5621,2686,2508,2686
1588248,2428,2788,2428,2788
1588571,2435,2789,2435,2789
1588637,2437,2793,2437,2793
1588746,2437,2792,2437,2792
1588761,2438,2790,2438,2790
1589339,2504,2792,2504,2792
1589584,5533,5956,2420,2843
1589636,5534,5956,2421,2843
1589717,2432,2829,2432,2829
1589786,2451,5951,2451,2838
1590113,2497,5947,2497,2834
1590230,2498,5945,2498,2832
1590380,2498,5948,2498,2835
1590390,2499,5951,2499,2838
1590392,2499,5948,2499,2835
1590719,2507,5953,2507,2840
1590840,2509,5955,2509,2842
1591155,2481,2880,2481,2880
1591702,2499,2942,2499,2942
1593371,2513,2518,2513,2518
1594492,5628,5649,2515,2536
1595522,5630,5696,2517,2583
1595645,2517,2520,2517,2520
1601279,2527,2579,2527,2579
1603529,5649,5699,2536,2586
1612687,2553,2556,2553,2556
1614316,2557,5672,2557,2559
1615937,2560,2578,2560,2578
1617244,2562,2575,2562,2575
1623585,2575,2578,2575,2578
1629611,5701,2588,2588,2588
1630919,2512,5706,2512,2593
1631268,5631,5777,2518,2664
1631443,2520,5707,2520,2594
1631915,2525,2626,2525,2626
1632107,2536,2621,2536,2621
1632124,2536,2649,2536,2649
1632214,5654,2648,2541,2648
1632218,5654,2649,2541,2649
1632633,5655,2641,2542,2641
1632709,5656,2639,2543,2639
1632866,5657,2640,2544,2640
1633162,2551,2658,2551,2658
1633607,2560,2628,2560,2628
1633622,2560,2630,2560,2630
1635224,5639,2672,2526,2672
1635250,5640,2677,2527,2677
1635675,2557,5789,2557,2676
1636306,5662,2788,2549,2788
1636999,5683,2767,2570,2767
1637103,5691,5907,2578,2794
1637259,5624,2841,2511,2841
1637444,5655,2838,2542,2838
1637906,2522,2870,2522,2870
1638315,2565,2868,2565,2868
1638540,2574,2868,2574,2868
1638770,2585,2867,2585,2867
1638827,2586,2863,2586,2863
1638889,2587,5976,2587,2863
1638890,2587,2863,2587,2863
1638902,5700,6002,2587,2889
1639074,2518,2930,2518,2930
1639286,5670,2909,2557,2909
1639488,5680,3020,2567,3020
1640440,5696,6015,2583,2902
1641336,5708,5715,2595,2602
1641470,5708,5726,2595,2613
1642232,5709,5714,2596,2601
1643879,2599,2636,2599,2636
1644766,2601,5736,2601,2623
1646816,5717,5739,2604,2626
1647971,2612,2616,2612,2616
1648863,2613,2624,2613,2624
1649719,5727,5754,2614,2641
1650270,5728,5754,2615,2641
1650961,5729,5759,2616,2646
1652102,5731,5763,2618,2650
1653536,2621,2628,2621,2628
1653852,2621,2629,2621,2629
1655121,2623,2666,2623,2666
1655596,5737,5764,2624,2651
1656373,5739,5780,2626,2667
1659516,2632,2635,2632,2635
1659520,2632,2637,2632,2637
1659886,2633,2636,2633,2636
1661724,2636,5750,2636,2637
1662913,5751,5783,2638,2670
1665655,5756,5760,2643,2647
1670250,5765,5770,2652,2657
1672555,5771,5777,2658,2664
1672567,5771,5779,2658,2666
1673838,2662,2669,2662,2669
1675386,2666,2669,2666,2669
1676687,2595,5822,2595,2709
1676717,2595,5823,2595,2710
1676999,2600,5820,2600,2707
1677047,2607,5807,2607,2694
1677428,2639,5802,2639,2689
1677466,5753,5788,2640,2675
1678040,2643,2815,2643,2815
1678252,5708,2888,2595,2888
1678424,2596,6001,2596,2888
1678534,5715,2876,2602,2876
1678538,2602,5994,2602,2881
1678850,2626,2871,2626,2871
1679514,2672,2677,2672,2677
1682125,2676,2723,2676,2723
1682759,2677,2682,2677,2682
1683707,5791,5837,2678,2724
1684312,5792,2679,2679,2679
1684619,5793,5837,2680,2724
1684951,5794,5800,2681,2687
1689683,5801,5839,2688,2726
1692198,2692,2695,2692,2695
1693142,2695,2701,2695,2701
1693927,2701,2704,2701,2704
1694291,2702,2707,2702,2707
1695365,2703,5842,2703,2729
1696845,5820,2707,2707,2707
1700212,2713,2727,2713,2727
1701205,5829,5838,2716,2725
1701391,5830,5842,2717,2729
1701884,5830,5840,2717,2727
1704881,2722,2728,2722,2728
1706424,5838,5842,2725,2729
1706600,5839,5842,2726,2729
1708753,2676,2794,2676,2794
1709029,2711,2733,2711,2733
1709103,2712,2732,2712,2732
1709237,5836,5900,2723,2787
1709352,2727,2734,2727,2734
1709676,2728,5935,2728,2822
1709839,5805,2866,2692,2866
1709952,5818,2880,2705,2880
1710425,2724,2875,2724,2875
1710528,5800,3002,2687,3002
1711939,5847,5864,2734,2751
1715182,5853,5886,2740,2773
1717418,2746,2756,2746,2756
1718848,2750,2753,2750,2753
1719774,5865,5868,2752,2755
1726300,5881,5893,2768,2780
1727730,2771,2788,2771,2788
1727770,2771,2783,2771,2783
1728492,2772,2789,2772,2789
1729743,2774,2787,2774,2787
1734765,2783,2790,2783,2790
1735053,2783,2787,2783,2787
1739054,2733,5954,2733,2841
1739284,5888,2893,2775,2893
1739409,5850,3010,2737,3010
1739548,5851,2969,2738,2969
1739916,5854,2926,2741,2926
1740311,5876,3036,2763,3036
1740794,2768,2981,2768,2981
1741025,2783,2935,2783,2935
1741329,2786,2913,2786,2913
1741354,2786,2940,2786,2940
1741565,5902,3008,2789,3008
1742937,5927,5941,2814,2828
1743694,5929,5950,2816,2837
1743941,2816,2838,2816,2838
1744536,2818,2822,2818,2822
1744914,2819,2838,2819,2838
1745608,2821,2836,2821,2836
1746259,2822,2826,2822,2826
1748071,5941,5951,2828,2838
1749547,5943,5952,2830,2839
1751109,5946,5953,2833,2840
1751867,5948,5952,2835,2839
1751897,5948,5951,2835,2838
1755943,5975,5991,2862,2878
1756659,5976,5984,2863,2871
1757601,5979,5982,2866,2869
1759125,2870,2890,2870,2890
1759351,2870,2888,2870,2888
1759378,2870,2892,2870,2892
1760155,2871,2888,2871,2888
1760532,5985,6001,2872,2888
1767252,5998,6001,2885,2888
1767424,5998,6004,2885,2891
1774478,6016,6040,2903,2927
1776155,2906,2928,2906,2928
1776563,6019,6040,2906,2927
1777338,2908,2965,2908,2965
1780853,6026,2939,2913,2939
1787354,6039,2937,2926,2937
1789467,6044,6082,2931,2969
1798816,2950,2953,2950,2953
1799281,2951,2985,2951,2985
1800269,2953,2968,2953,2968
1803857,6079,6090,2966,2977
1804397,2967,2997,2967,2997
1805601,2969,2976,2969,2976
1806652,6085,6089,2972,2976
1810364,2980,3024,2980,3024
1814009,2992,3000,2992,3000
1819403,3004,3034,3004,3034
1821700,3008,3043,3008,3043
1824148,3013,3040,3013,3040
1828103,3021,3047,3021,3047
1829325,6137,6144,3024,3031
1830276,3026,3031,3026,3031
1831040,3027,3036,3027,3036
